Workbook

Sheet Solares Dargebot
A1: Mittlere monatliche Einstrahlung [kWh/m²/month]
C2: Geogr. Breite | D2: 49.86
A4: Monat | C4: Jan | D4: Feb | E4: Mrz | F4: Apr | G4: Mai | H4: Jun | I4: Jul | J4: Aug | K4: Sep | L4: Okt | M4: Nov | N4: Dez | O4: Summe [kWh/m²/a]
A5: Exemplarischer Tag des Jahres [d] | C5: 15.5 | D5: 45 | E5: 74.5 | F5: =E5+30.5 -> 105 | G5: =F5+30.5 -> 135.5 | H5: =G5+30.5 -> 166 | I5: =H5+30.5 -> 196.5 | J5: =I5+31 -> 227.5 | K5: =J5+30.5 -> 258 | L5: =K5+30.5 -> 288.5 | M5: =L5+30.5 -> 319 | N5: =M5+30.5 -> 349.5
A6: Durchschnittliche Außentemperatur [°C] | C6: 1.8 | D6: 2.2 | E6: 5.8 | F6: 10.9 | G6: 14.3 | H6: 17.5 | I6: 19.5 | J6: 17.8 | K6: 14.5 | L6: 10.3 | M6: 6 | N6: 2.5
B7: Monatstage [d] | C7: 31 | D7: 28 | E7: 31 | F7: 30 | G7: 31 | H7: 30 | I7: 31 | J7: 31 | K7: 30 | L7: 31 | M7: 30 | N7: 31
A8: Durchschnittliche Sonnenstunden [h/d] | C8: 8.6 | D8: 9.9 | E8: 11.6 | F8: 12.4 | G8: 15 | H8: 15.8 | I8: 15.5 | J8: 14.1 | K8: 12.3 | L8: 10.6 | M8: 8.9 | N8: 8.2
A9: Mittlere Einstahlung [kWh/m²/d] | C9: 23 | D9: 40 | E9: 75 | F9: 117 | G9: 153 | H9: 159 | I9: 161 | J9: 137 | K9: 91 | L9: 56 | M9: 25 | N9: 17 | O9: =SUM(C9:N9) -> 1054
A10: Mittlerer Deklinationswinkel δ [°] | C10: =23.45*SIN(PI()/180*(360/365)*(284+C5)) -> -21.183694 | D10: =23.45*SIN(PI()/180*(360/365)*(284+D5)) -> -13.619766 | E10: =23.45*SIN(PI()/180*(360/365)*(284+E5)) -> -2.6184037 | F10: =23.45*SIN(PI()/180*(360/365)*(284+F5)) -> 9.4148933 | G10: =23.45*SIN(PI()/180*(360/365)*(284+G5)) -> 18.911955 | H10: =23.45*SIN(PI()/180*(360/365)*(284+H5)) -> 23.31441 | I10: =23.45*SIN(PI()/180*(360/365)*(284+I5)) -> 21.436301 | J10: =23.45*SIN(PI()/180*(360/365)*(284+J5)) -> 13.619766 | ... N10: =23.45*SIN(PI()/180*(360/365)*(284+N5)) -> -23.3543
A11: Mittlerer Einstrahlungswinkel auf eine horizontale Fläche φ [°] | C11: =90-$D$2+C10 -> 18.956306 | D11: =90-$D$2+D10 -> 26.520234 | E11: =90-$D$2+E10 -> 37.521596 | F11: =90-$D$2+F10 -> 49.554893 | G11: =90-$D$2+G10 -> 59.051955 | H11: =90-$D$2+H10 -> 63.45441 | I11: =90-$D$2+I10 -> 61.576301 | J11: =90-$D$2+J10 -> 53.759766 | ... N11: =90-$D$2+N10 -> 16.7857
A12: Kollektor-Anstellwinkel [°] | B12: 20 | C12: =C$9*SIN(PI()/180*(180-(C$11+$B12)))/SIN(PI()/180*C$11) -> 44.515521 | D12: =D$9*SIN(PI()/180*(180-(D$11+$B12)))/SIN(PI()/180*D$11) -> 65.002907 | E12: =E$9*SIN(PI()/180*(180-(E$11+$B12)))/SIN(PI()/180*E$11) -> 103.88057 | F12: =F$9*SIN(PI()/180*(180-(F$11+$B12)))/SIN(PI()/180*F$11) -> 144.05498 | G12: =G$9*SIN(PI()/180*(180-(G$11+$B12)))/SIN(PI()/180*G$11) -> 175.15091 | H12: =H$9*SIN(PI()/180*(180-(H$11+$B12)))/SIN(PI()/180*H$11) -> 176.57864 | I12: =I$9*SIN(PI()/180*(180-(I$11+$B12)))/SIN(PI()/180*I$11) -> 181.09362 | J12: =J$9*SIN(PI()/180*(180-(J$11+$B12)))/SIN(PI()/180*J$11) -> 163.08241 | ... N12: =N$9*SIN(PI()/180*(180-(N$11+$B12)))/SIN(PI()/180*N$11) -> 35.250192 | O12: =SUM(C12:N12) -> 1339.3595
B13: 25 | C13: =C$9*SIN(PI()/180*(180-(C$11+$B13)))/SIN(PI()/180*C$11) -> 49.144737 | D13: =D$9*SIN(PI()/180*(180-(D$11+$B13)))/SIN(PI()/180*D$11) -> 70.127992 | E13: =E$9*SIN(PI()/180*(180-(E$11+$B13)))/SIN(PI()/180*E$11) -> 109.24837 | F13: =F$9*SIN(PI()/180*(180-(F$11+$B13)))/SIN(PI()/180*F$11) -> 148.18731 | G13: =G$9*SIN(PI()/180*(180-(G$11+$B13)))/SIN(PI()/180*G$11) -> 177.43734 | H13: =H$9*SIN(PI()/180*(180-(H$11+$B13)))/SIN(PI()/180*H$11) -> 177.67256 | I13: =I$9*SIN(PI()/180*(180-(I$11+$B13)))/SIN(PI()/180*I$11) -> 182.74186 | J13: =J$9*SIN(PI()/180*(180-(J$11+$B13)))/SIN(PI()/180*J$11) -> 166.60208 | ... N13: =N$9*SIN(PI()/180*(180-(N$11+$B13)))/SIN(PI()/180*N$11) -> 39.224962 | O13: =SUM(C13:N13) -> 1386.3967
B14: 30 | C14: =C$9*SIN(PI()/180*(180-(C$11+$B14)))/SIN(PI()/180*C$11) -> 53.399932 | D14: =D$9*SIN(PI()/180*(180-(D$11+$B14)))/SIN(PI()/180*D$11) -> 74.71936 | E14: =E$9*SIN(PI()/180*(180-(E$11+$B14)))/SIN(PI()/180*E$11) -> 113.78473 | F14: =F$9*SIN(PI()/180*(180-(F$11+$B14)))/SIN(PI()/180*F$11) -> 151.19184 | G14: =G$9*SIN(PI()/180*(180-(G$11+$B14)))/SIN(PI()/180*G$11) -> 178.37336 | H14: =H$9*SIN(PI()/180*(180-(H$11+$B14)))/SIN(PI()/180*H$11) -> 177.41429 | I14: =I$9*SIN(PI()/180*(180-(I$11+$B14)))/SIN(PI()/180*I$11) -> 182.99932 | J14: =J$9*SIN(PI()/180*(180-(J$11+$B14)))/SIN(PI()/180*J$11) -> 168.85381 | ... N14: =N$9*SIN(PI()/180*(180-(N$11+$B14)))/SIN(PI()/180*N$11) -> 42.901207 | O14: =SUM(C14:N14) -> 1422.8827
B15: 35 | C15: =C$9*SIN(PI()/180*(180-(C$11+$B15)))/SIN(PI()/180*C$11) -> 57.248721 | D15: =D$9*SIN(PI()/180*(180-(D$11+$B15)))/SIN(PI()/180*D$11) -> 78.742069 | E15: =E$9*SIN(PI()/180*(180-(E$11+$B15)))/SIN(PI()/180*E$11) -> 117.45512 | F15: =F$9*SIN(PI()/180*(180-(F$11+$B15)))/SIN(PI()/180*F$11) -> 153.04571 | G15: =G$9*SIN(PI()/180*(180-(G$11+$B15)))/SIN(PI()/180*G$11) -> 177.95186 | H15: =H$9*SIN(PI()/180*(180-(H$11+$B15)))/SIN(PI()/180*H$11) -> 175.80579 | I15: =I$9*SIN(PI()/180*(180-(I$11+$B15)))/SIN(PI()/180*I$11) -> 181.86404 | J15: =J$9*SIN(PI()/180*(180-(J$11+$B15)))/SIN(PI()/180*J$11) -> 169.82046 | ... N15: =N$9*SIN(PI()/180*(180-(N$11+$B15)))/SIN(PI()/180*N$11) -> 46.250947 | O15: =SUM(C15:N15) -> 1448.5397
B16: 40 | C16: =C$9*SIN(PI()/180*(180-(C$11+$B16)))/SIN(PI()/180*C$11) -> 60.661813 | D16: =D$9*SIN(PI()/180*(180-(D$11+$B16)))/SIN(PI()/180*D$11) -> 82.165504 | E16: =E$9*SIN(PI()/180*(180-(E$11+$B16)))/SIN(PI()/180*E$11) -> 120.23161 | F16: =F$9*SIN(PI()/180*(180-(F$11+$B16)))/SIN(PI()/180*F$11) -> 153.73481 | G16: =G$9*SIN(PI()/180*(180-(G$11+$B16)))/SIN(PI()/180*G$11) -> 176.17603 | H16: =H$9*SIN(PI()/180*(180-(H$11+$B16)))/SIN(PI()/180*H$11) -> 172.8593 | I16: =I$9*SIN(PI()/180*(180-(I$11+$B16)))/SIN(PI()/180*I$11) -> 179.34468 | J16: =J$9*SIN(PI()/180*(180-(J$11+$B16)))/SIN(PI()/180*J$11) -> 169.49467 | ... N16: =N$9*SIN(PI()/180*(180-(N$11+$B16)))/SIN(PI()/180*N$11) -> 49.24869 | O16: =SUM(C16:N16) -> 1463.1724
B17: 45 | C17: =C$9*SIN(PI()/180*(180-(C$11+$B17)))/SIN(PI()/180*C$11) -> 63.613232 | D17: =D$9*SIN(PI()/180*(180-(D$11+$B17)))/SIN(PI()/180*D$11) -> 84.963609 | E17: =E$9*SIN(PI()/180*(180-(E$11+$B17)))/SIN(PI()/180*E$11) -> 122.09306 | F17: =F$9*SIN(PI()/180*(180-(F$11+$B17)))/SIN(PI()/180*F$11) -> 153.2539 | G17: =G$9*SIN(PI()/180*(180-(G$11+$B17)))/SIN(PI()/180*G$11) -> 173.0594 | H17: =H$9*SIN(PI()/180*(180-(H$11+$B17)))/SIN(PI()/180*H$11) -> 168.59724 | I17: =I$9*SIN(PI()/180*(180-(I$11+$B17)))/SIN(PI()/180*I$11) -> 175.46038 | J17: =J$9*SIN(PI()/180*(180-(J$11+$B17)))/SIN(PI()/180*J$11) -> 167.87893 | ... N17: =N$9*SIN(PI()/180*(180-(N$11+$B17)))/SIN(PI()/180*N$11) -> 51.871621 | O17: =SUM(C17:N17) -> 1466.6695
B18: 50 | C18: =C$9*SIN(PI()/180*(180-(C$11+$B18)))/SIN(PI()/180*C$11) -> 66.080515 | D18: =D$9*SIN(PI()/180*(180-(D$11+$B18)))/SIN(PI()/180*D$11) -> 87.11509 | E18: =E$9*SIN(PI()/180*(180-(E$11+$B18)))/SIN(PI()/180*E$11) -> 123.02531 | F18: =F$9*SIN(PI()/180*(180-(F$11+$B18)))/SIN(PI()/180*F$11) -> 151.60663 | G18: =G$9*SIN(PI()/180*(180-(G$11+$B18)))/SIN(PI()/180*G$11) -> 168.62568 | H18: =H$9*SIN(PI()/180*(180-(H$11+$B18)))/SIN(PI()/180*H$11) -> 163.05206 | I18: =I$9*SIN(PI()/180*(180-(I$11+$B18)))/SIN(PI()/180*I$11) -> 170.24074 | J18: =J$9*SIN(PI()/180*(180-(J$11+$B18)))/SIN(PI()/180*J$11) -> 164.98552 | ... N18: =N$9*SIN(PI()/180*(180-(N$11+$B18)))/SIN(PI()/180*N$11) -> 54.099777 | O18: =SUM(C18:N18) -> 1459.0043
B19: 55 | C19: =C$9*SIN(PI()/180*(180-(C$11+$B19)))/SIN(PI()/180*C$11) -> 68.044887 | D19: =D$9*SIN(PI()/180*(180-(D$11+$B19)))/SIN(PI()/180*D$11) -> 88.603572 | E19: =E$9*SIN(PI()/180*(180-(E$11+$B19)))/SIN(PI()/180*E$11) -> 123.02126 | F19: =F$9*SIN(PI()/180*(180-(F$11+$B19)))/SIN(PI()/180*F$11) -> 148.80554 | G19: =G$9*SIN(PI()/180*(180-(G$11+$B19)))/SIN(PI()/180*G$11) -> 162.90862 | H19: =H$9*SIN(PI()/180*(180-(H$11+$B19)))/SIN(PI()/180*H$11) -> 156.26595 | I19: =I$9*SIN(PI()/180*(180-(I$11+$B19)))/SIN(PI()/180*I$11) -> 163.72545 | J19: =J$9*SIN(PI()/180*(180-(J$11+$B19)))/SIN(PI()/180*J$11) -> 160.83648 | ... N19: =N$9*SIN(PI()/180*(180-(N$11+$B19)))/SIN(PI()/180*N$11) -> 55.916201 | O19: =SUM(C19:N19) -> 1440.2353
B20: 60 | C20: =C$9*SIN(PI()/180*(180-(C$11+$B20)))/SIN(PI()/180*C$11) -> 69.491395 | D20: =D$9*SIN(PI()/180*(180-(D$11+$B20)))/SIN(PI()/180*D$11) -> 89.417728 | E20: =E$9*SIN(PI()/180*(180-(E$11+$B20)))/SIN(PI()/180*E$11) -> 122.08094 | F20: =F$9*SIN(PI()/180*(180-(F$11+$B20)))/SIN(PI()/180*F$11) -> 144.87195 | G20: =G$9*SIN(PI()/180*(180-(G$11+$B20)))/SIN(PI()/180*G$11) -> 155.95173 | H20: =H$9*SIN(PI()/180*(180-(H$11+$B20)))/SIN(PI()/180*H$11) -> 148.29057 | I20: =I$9*SIN(PI()/180*(180-(I$11+$B20)))/SIN(PI()/180*I$11) -> 155.96412 | J20: =J$9*SIN(PI()/180*(180-(J$11+$B20)))/SIN(PI()/180*J$11) -> 155.46337 | ... N20: =N$9*SIN(PI()/180*(180-(N$11+$B20)))/SIN(PI()/180*N$11) -> 57.307069 | O20: =SUM(C20:N20) -> 1410.5052
B21: 65 | C21: =C$9*SIN(PI()/180*(180-(C$11+$B21)))/SIN(PI()/180*C$11) -> 70.409032 | D21: =D$9*SIN(PI()/180*(180-(D$11+$B21)))/SIN(PI()/180*D$11) -> 89.551361 | E21: =E$9*SIN(PI()/180*(180-(E$11+$B21)))/SIN(PI()/180*E$11) -> 120.21152 | F21: =F$9*SIN(PI()/180*(180-(F$11+$B21)))/SIN(PI()/180*F$11) -> 139.8358 | G21: =G$9*SIN(PI()/180*(180-(G$11+$B21)))/SIN(PI()/180*G$11) -> 147.80794 | H21: =H$9*SIN(PI()/180*(180-(H$11+$B21)))/SIN(PI()/180*H$11) -> 139.1866 | I21: =I$9*SIN(PI()/180*(180-(I$11+$B21)))/SIN(PI()/180*I$11) -> 147.0158 | J21: =J$9*SIN(PI()/180*(180-(J$11+$B21)))/SIN(PI()/180*J$11) -> 148.9071 | ... N21: =N$9*SIN(PI()/180*(180-(N$11+$B21)))/SIN(PI()/180*N$11) -> 58.261796 | O21: =SUM(C21:N21) -> 1370.0402
B22: 70 | C22: =C$9*SIN(PI()/180*(180-(C$11+$B22)))/SIN(PI()/180*C$11) -> 70.790814 | D22: =D$9*SIN(PI()/180*(180-(D$11+$B22)))/SIN(PI()/180*D$11) -> 89.003454 | E22: =E$9*SIN(PI()/180*(180-(E$11+$B22)))/SIN(PI()/180*E$11) -> 117.42721 | F22: =F$9*SIN(PI()/180*(180-(F$11+$B22)))/SIN(PI()/180*F$11) -> 133.73541 | G22: =G$9*SIN(PI()/180*(180-(G$11+$B22)))/SIN(PI()/180*G$11) -> 138.53926 | H22: =H$9*SIN(PI()/180*(180-(H$11+$B22)))/SIN(PI()/180*H$11) -> 129.02334 | I22: =I$9*SIN(PI()/180*(180-(I$11+$B22)))/SIN(PI()/180*I$11) -> 136.94861 | J22: =J$9*SIN(PI()/180*(180-(J$11+$B22)))/SIN(PI()/180*J$11) -> 141.21755 | ... N22: =N$9*SIN(PI()/180*(180-(N$11+$B22)))/SIN(PI()/180*N$11) -> 58.773116 | O22: =SUM(C22:N22) -> 1319.1485
B23: 75 | C23: =C$9*SIN(PI()/180*(180-(C$11+$B23)))/SIN(PI()/180*C$11) -> 70.633835 | D23: =D$9*SIN(PI()/180*(180-(D$11+$B23)))/SIN(PI()/180*D$11) -> 87.778177 | E23: =E$9*SIN(PI()/180*(180-(E$11+$B23)))/SIN(PI()/180*E$11) -> 113.74921 | F23: =F$9*SIN(PI()/180*(180-(F$11+$B23)))/SIN(PI()/180*F$11) -> 126.61722 | G23: =G$9*SIN(PI()/180*(180-(G$11+$B23)))/SIN(PI()/180*G$11) -> 128.2162 | H23: =H$9*SIN(PI()/180*(180-(H$11+$B23)))/SIN(PI()/180*H$11) -> 117.87814 | I23: =I$9*SIN(PI()/180*(180-(I$11+$B23)))/SIN(PI()/180*I$11) -> 125.83915 | J23: =J$9*SIN(PI()/180*(180-(J$11+$B23)))/SIN(PI()/180*J$11) -> 132.45325 | ... N23: =N$9*SIN(PI()/180*(180-(N$11+$B23)))/SIN(PI()/180*N$11) -> 58.837136 | O23: =SUM(C23:N23) -> 1258.2172
A27: Mittlere Strahlungsintensität während der Sonnenstunden
A28: Kollektor-Anstellwinkel [°] | B28: 20 | C28: =C12/(C$7*C$8)*1000 -> 166.97495 | D28: =D12/(D$7*D$8)*1000 -> 234.49822 | E28: =E12/(E$7*E$8)*1000 -> 288.87811 | F28: =F12/(F$7*F$8)*1000 -> 387.24458 | G28: =G12/(G$7*G$8)*1000 -> 376.66862 | H28: =H12/(H$7*H$8)*1000 -> 372.52878 | I28: =I12/(I$7*I$8)*1000 -> 376.88578 | J28: =J12/(J$7*J$8)*1000 -> 373.10091 | ... N28: =N12/(N$7*N$8)*1000 -> 138.67109 | O28: =SUM(C28:N28) -> 3470.8104
B29: 25 | C29: =C13/(C$7*C$8)*1000 -> 184.33885 | D29: =D13/(D$7*D$8)*1000 -> 252.98698 | E29: =E13/(E$7*E$8)*1000 -> 303.80527 | F29: =F13/(F$7*F$8)*1000 -> 398.35298 | G29: =G13/(G$7*G$8)*1000 -> 381.58567 | H29: =H13/(H$7*H$8)*1000 -> 374.83663 | I29: =I13/(I$7*I$8)*1000 -> 380.31604 | J29: =J13/(J$7*J$8)*1000 -> 381.15323 | ... N29: =N13/(N$7*N$8)*1000 -> 154.30748 | O29: =SUM(C29:N29) -> 3614.9143
B30: 30 | C30: =C14/(C$7*C$8)*1000 -> 200.29982 | D30: =D14/(D$7*D$8)*1000 -> 269.55036 | E30: =E14/(E$7*E$8)*1000 -> 316.42028 | F30: =F14/(F$7*F$8)*1000 -> 406.42968 | G30: =G14/(G$7*G$8)*1000 -> 383.59863 | H30: =H14/(H$7*H$8)*1000 -> 374.29175 | I30: =I14/(I$7*I$8)*1000 -> 380.85186 | J30: =J14/(J$7*J$8)*1000 -> 386.30475 | ... N30: =N14/(N$7*N$8)*1000 -> 168.7695 | O30: =SUM(C30:N30) -> 3731.5065
B31: 35 | C31: =C15/(C$7*C$8)*1000 -> 214.73639 | D31: =D15/(D$7*D$8)*1000 -> 284.0623 | E31: =E15/(E$7*E$8)*1000 -> 326.62715 | F31: =F15/(F$7*F$8)*1000 -> 411.4132 | G31: =G15/(G$7*G$8)*1000 -> 382.69217 | H31: =H15/(H$7*H$8)*1000 -> 370.89829 | I31: =I15/(I$7*I$8)*1000 -> 378.48917 | J31: =J15/(J$7*J$8)*1000 -> 388.51626 | ... N31: =N15/(N$7*N$8)*1000 -> 181.94708 | O31: =SUM(C31:N31) -> 3819.6997
B32: 40 | C32: =C16/(C$7*C$8)*1000 -> 227.53868 | D32: =D16/(D$7*D$8)*1000 -> 296.41235 | E32: =E16/(E$7*E$8)*1000 -> 334.34819 | F32: =F16/(F$7*F$8)*1000 -> 413.26562 | G32: =G16/(G$7*G$8)*1000 -> 378.87319 | H32: =H16/(H$7*H$8)*1000 -> 364.68206 | I32: =I16/(I$7*I$8)*1000 -> 373.24594 | J32: =J16/(J$7*J$8)*1000 -> 387.77092 | ... N32: =N16/(N$7*N$8)*1000 -> 193.73993 | O32: =SUM(C32:N32) -> 3878.8227
B33: 45 | C33: =C17/(C$7*C$8)*1000 -> 238.60927 | D33: =D17/(D$7*D$8)*1000 -> 306.50653 | E33: =E17/(E$7*E$8)*1000 -> 339.52463 | F33: =F17/(F$7*F$8)*1000 -> 411.97284 | G33: =G17/(G$7*G$8)*1000 -> 372.17075 | H33: =H17/(H$7*H$8)*1000 -> 355.69038 | I33: =I17/(I$7*I$8)*1000 -> 365.16209 | J33: =J17/(J$7*J$8)*1000 -> 384.07441 | ... N33: =N17/(N$7*N$8)*1000 -> 204.0583 | O33: =SUM(C33:N33) -> 3908.4255
B34: 50 | C34: =C18/(C$7*C$8)*1000 -> 247.8639 | D34: =D18/(D$7*D$8)*1000 -> 314.268 | E34: =E18/(E$7*E$8)*1000 -> 342.11709 | F34: =F18/(F$7*F$8)*1000 -> 407.54469 | G34: =G18/(G$7*G$8)*1000 -> 362.63588 | H34: =H18/(H$7*H$8)*1000 -> 343.99168 | I34: =I18/(I$7*I$8)*1000 -> 354.29914 | J34: =J18/(J$7*J$8)*1000 -> 377.45487 | ... N34: =N18/(N$7*N$8)*1000 -> 212.82367 | O34: =SUM(C34:N34) -> 3908.2828
B35: 55 | C35: =C19/(C$7*C$8)*1000 -> 255.23213 | D35: =D19/(D$7*D$8)*1000 -> 319.63771 | E35: =E19/(E$7*E$8)*1000 -> 342.10583 | F35: =F19/(F$7*F$8)*1000 -> 400.01489 | G35: =G19/(G$7*G$8)*1000 -> 350.34112 | H35: =H19/(H$7*H$8)*1000 -> 329.675 | I35: =I19/(I$7*I$8)*1000 -> 340.73975 | J35: =J19/(J$7*J$8)*1000 -> 367.96266 | ... N35: =N19/(N$7*N$8)*1000 -> 219.96932 | O35: =SUM(C35:N35) -> 3878.3958
B36: 60 | C36: =C20/(C$7*C$8)*1000 -> 260.6579 | D36: =D20/(D$7*D$8)*1000 -> 322.57478 | E36: =E20/(E$7*E$8)*1000 -> 339.49094 | F36: =F20/(F$7*F$8)*1000 -> 389.44073 | G36: =G20/(G$7*G$8)*1000 -> 335.38006 | H36: =H20/(H$7*H$8)*1000 -> 312.8493 | I36: =I20/(I$7*I$8)*1000 -> 324.58713 | J36: =J20/(J$7*J$8)*1000 -> 355.67004 | ... N36: =N20/(N$7*N$8)*1000 -> 225.44087 | O36: =SUM(C36:N36) -> 3818.9918
B37: 65 | C37: =C21/(C$7*C$8)*1000 -> 264.09989 | D37: =D21/(D$7*D$8)*1000 -> 323.05686 | E37: =E21/(E$7*E$8)*1000 -> 334.29231 | F37: =F21/(F$7*F$8)*1000 -> 375.90269 | G37: =G21/(G$7*G$8)*1000 -> 317.86655 | H37: =H21/(H$7*H$8)*1000 -> 293.64262 | I37: =I21/(I$7*I$8)*1000 -> 305.96421 | J37: =J21/(J$7*J$8)*1000 -> 340.67055 | ... N37: =N21/(N$7*N$8)*1000 -> 229.19668 | O37: =SUM(C37:N37) -> 3730.5229
B38: 70 | C38: =C22/(C$7*C$8)*1000 -> 265.53193 | D38: =D22/(D$7*D$8)*1000 -> 321.08028 | E38: =E22/(E$7*E$8)*1000 -> 326.54952 | F38: =F22/(F$7*F$8)*1000 -> 359.5038 | G38: =G22/(G$7*G$8)*1000 -> 297.93388 | H38: =H22/(H$7*H$8)*1000 -> 272.20114 | I38: =I22/(I$7*I$8)*1000 -> 285.01271 | J38: =J22/(J$7*J$8)*1000 -> 323.07835 | ... N38: =N22/(N$7*N$8)*1000 -> 231.20817 | O38: =SUM(C38:N38) -> 3613.6626
B39: 75 | C39: =C23/(C$7*C$8)*1000 -> 264.94312 | D39: =D23/(D$7*D$8)*1000 -> 316.66009 | E39: =E23/(E$7*E$8)*1000 -> 316.3215 | F39: =F23/(F$7*F$8)*1000 -> 340.36887 | G39: =G23/(G$7*G$8)*1000 -> 275.73376 | H39: =H23/(H$7*H$8)*1000 -> 248.68805 | I39: =I23/(I$7*I$8)*1000 -> 261.89209 | J39: =J23/(J$7*J$8)*1000 -> 303.02733 | ... N39: =N23/(N$7*N$8)*1000 -> 231.46002 | O39: =SUM(C39:N39) -> 3469.3

Sheet Vakuum-Röhrenkollektor
A1: Mittlerer monatlicher Kollektorertrag [kWh/m²/month]
A2: mittlere Kollektortemperatur [°C] | B2: 60
A4: Typ | B4: Vakuum-Röhrenkollektor
A5: Name | B5: Vitosol 200-T Typ SP2A
A6: Optische Effizienz | B6: 0.801
A7: Bruttokollektorfläche [m²] | B7: 4.62
A8: Aperturfläche [m²] | B8: 3.03
A9: Modulpreis [€] | B9: 1730
A10: Wärmeverlustbeiwert k1 [W/m²/K] | B10: 1.103
A11: Wärmeverlustbeiwert k2 [W/m²/K²] | B11: 0.007
A13: Monat | C13: Jan | D13: Feb | E13: Mrz | F13: Apr | G13: Mai | H13: Jun | I13: Jul | J13: Aug | K13: Sep | L13: Okt | M13: Nov | N13: Dez | O13: Summe [kWh/m²/a]
A14: Durchschnittliche Außentemperatur [°C] | C14: 1.8 | D14: 2.2 | E14: 5.8 | F14: 10.9 | G14: 14.3 | H14: 17.5 | I14: 19.5 | J14: 17.8 | K14: 14.5 | L14: 10.3 | M14: 6 | N14: 2.5
B15: Durchschnittliche Temperaturdifferenz [K] | C15: =$B$2-C14 -> 58.2 | D15: =$B$2-D14 -> 57.8 | E15: =$B$2-E14 -> 54.2 | F15: =$B$2-F14 -> 49.1 | G15: =$B$2-G14 -> 45.7 | H15: =$B$2-H14 -> 42.5 | I15: =$B$2-I14 -> 40.5 | J15: =$B$2-J14 -> 42.2 | ... N15: =$B$2-N14 -> 57.5
A16: Kollektor-Anstellwinkel [°] | B16: 20 | C16: ='Solares Dargebot'!C28*($B$6-$B$10*C$15/'Solares Dargebot'!C28-$B$11*C$15/'Solares Dargebot'!C28^2)*'Solares Dargebot'!C$8*'Solares Dargebot'!C$7/1000 -> 18.542001 | D16: ='Solares Dargebot'!D28*($B$6-$B$10*D$15/'Solares Dargebot'!D28-$B$11*D$15/'Solares Dargebot'!D28^2)*'Solares Dargebot'!D$8*'Solares Dargebot'!D$7/1000 -> 34.394408 | E16: ='Solares Dargebot'!E28*($B$6-$B$10*E$15/'Solares Dargebot'!E28-$B$11*E$15/'Solares Dargebot'!E28^2)*'Solares Dargebot'!E$8*'Solares Dargebot'!E$7/1000 -> 61.710041 | F16: ='Solares Dargebot'!F28*($B$6-$B$10*F$15/'Solares Dargebot'!F28-$B$11*F$15/'Solares Dargebot'!F28^2)*'Solares Dargebot'!F$8*'Solares Dargebot'!F$7/1000 -> 95.241196 | G16: ='Solares Dargebot'!G28*($B$6-$B$10*G$15/'Solares Dargebot'!G28-$B$11*G$15/'Solares Dargebot'!G28^2)*'Solares Dargebot'!G$8*'Solares Dargebot'!G$7/1000 -> 116.85618 | H16: ='Solares Dargebot'!H28*($B$6-$B$10*H$15/'Solares Dargebot'!H28-$B$11*H$15/'Solares Dargebot'!H28^2)*'Solares Dargebot'!H$8*'Solares Dargebot'!H$7/1000 -> 119.21918 | I16: ='Solares Dargebot'!I28*($B$6-$B$10*I$15/'Solares Dargebot'!I28-$B$11*I$15/'Solares Dargebot'!I28^2)*'Solares Dargebot'!I$8*'Solares Dargebot'!I$7/1000 -> 123.59097 | J16: ='Solares Dargebot'!J28*($B$6-$B$10*J$15/'Solares Dargebot'!J28-$B$11*J$15/'Solares Dargebot'!J28^2)*'Solares Dargebot'!J$8*'Solares Dargebot'!J$7/1000 -> 110.28314 | ... N16: ='Solares Dargebot'!N28*($B$6-$B$10*N$15/'Solares Dargebot'!N28-$B$11*N$15/'Solares Dargebot'!N28^2)*'Solares Dargebot'!N$8*'Solares Dargebot'!N$7/1000 -> 12.112666 | O16: =SUM(C16:N16) -> 840.36348
B17: 25 | C17: ='Solares Dargebot'!C29*($B$6-$B$10*C$15/'Solares Dargebot'!C29-$B$11*C$15/'Solares Dargebot'!C29^2)*'Solares Dargebot'!C$8*'Solares Dargebot'!C$7/1000 -> 22.250065 | D17: ='Solares Dargebot'!D29*($B$6-$B$10*D$15/'Solares Dargebot'!D29-$B$11*D$15/'Solares Dargebot'!D29^2)*'Solares Dargebot'!D$8*'Solares Dargebot'!D$7/1000 -> 38.499636 | E17: ='Solares Dargebot'!E29*($B$6-$B$10*E$15/'Solares Dargebot'!E29-$B$11*E$15/'Solares Dargebot'!E29^2)*'Solares Dargebot'!E$8*'Solares Dargebot'!E$7/1000 -> 66.009676 | F17: ='Solares Dargebot'!F29*($B$6-$B$10*F$15/'Solares Dargebot'!F29-$B$11*F$15/'Solares Dargebot'!F29^2)*'Solares Dargebot'!F$8*'Solares Dargebot'!F$7/1000 -> 98.551198 | G17: ='Solares Dargebot'!G29*($B$6-$B$10*G$15/'Solares Dargebot'!G29-$B$11*G$15/'Solares Dargebot'!G29^2)*'Solares Dargebot'!G$8*'Solares Dargebot'!G$7/1000 -> 118.68762 | H17: ='Solares Dargebot'!H29*($B$6-$B$10*H$15/'Solares Dargebot'!H29-$B$11*H$15/'Solares Dargebot'!H29^2)*'Solares Dargebot'!H$8*'Solares Dargebot'!H$7/1000 -> 120.09541 | I17: ='Solares Dargebot'!I29*($B$6-$B$10*I$15/'Solares Dargebot'!I29-$B$11*I$15/'Solares Dargebot'!I29^2)*'Solares Dargebot'!I$8*'Solares Dargebot'!I$7/1000 -> 124.91121 | J17: ='Solares Dargebot'!J29*($B$6-$B$10*J$15/'Solares Dargebot'!J29-$B$11*J$15/'Solares Dargebot'!J29^2)*'Solares Dargebot'!J$8*'Solares Dargebot'!J$7/1000 -> 113.10241 | ... N17: ='Solares Dargebot'!N29*($B$6-$B$10*N$15/'Solares Dargebot'!N29-$B$11*N$15/'Solares Dargebot'!N29^2)*'Solares Dargebot'!N$8*'Solares Dargebot'!N$7/1000 -> 15.296532 | O17: =SUM(C17:N17) -> 878.04067
B18: 30 | C18: ='Solares Dargebot'!C30*($B$6-$B$10*C$15/'Solares Dargebot'!C30-$B$11*C$15/'Solares Dargebot'!C30^2)*'Solares Dargebot'!C$8*'Solares Dargebot'!C$7/1000 -> 25.658523 | D18: ='Solares Dargebot'!D30*($B$6-$B$10*D$15/'Solares Dargebot'!D30-$B$11*D$15/'Solares Dargebot'!D30^2)*'Solares Dargebot'!D$8*'Solares Dargebot'!D$7/1000 -> 42.177349 | E18: ='Solares Dargebot'!E30*($B$6-$B$10*E$15/'Solares Dargebot'!E30-$B$11*E$15/'Solares Dargebot'!E30^2)*'Solares Dargebot'!E$8*'Solares Dargebot'!E$7/1000 -> 69.643318 | F18: ='Solares Dargebot'!F30*($B$6-$B$10*F$15/'Solares Dargebot'!F30-$B$11*F$15/'Solares Dargebot'!F30^2)*'Solares Dargebot'!F$8*'Solares Dargebot'!F$7/1000 -> 100.95783 | G18: ='Solares Dargebot'!G30*($B$6-$B$10*G$15/'Solares Dargebot'!G30-$B$11*G$15/'Solares Dargebot'!G30^2)*'Solares Dargebot'!G$8*'Solares Dargebot'!G$7/1000 -> 119.43737 | H18: ='Solares Dargebot'!H30*($B$6-$B$10*H$15/'Solares Dargebot'!H30-$B$11*H$15/'Solares Dargebot'!H30^2)*'Solares Dargebot'!H$8*'Solares Dargebot'!H$7/1000 -> 119.88854 | I18: ='Solares Dargebot'!I30*($B$6-$B$10*I$15/'Solares Dargebot'!I30-$B$11*I$15/'Solares Dargebot'!I30^2)*'Solares Dargebot'!I$8*'Solares Dargebot'!I$7/1000 -> 125.11744 | J18: ='Solares Dargebot'!J30*($B$6-$B$10*J$15/'Solares Dargebot'!J30-$B$11*J$15/'Solares Dargebot'!J30^2)*'Solares Dargebot'!J$8*'Solares Dargebot'!J$7/1000 -> 114.90605 | ... N18: ='Solares Dargebot'!N30*($B$6-$B$10*N$15/'Solares Dargebot'!N30-$B$11*N$15/'Solares Dargebot'!N30^2)*'Solares Dargebot'!N$8*'Solares Dargebot'!N$7/1000 -> 18.241261 | O18: =SUM(C18:N18) -> 907.26616
B19: 35 | C19: ='Solares Dargebot'!C31*($B$6-$B$10*C$15/'Solares Dargebot'!C31-$B$11*C$15/'Solares Dargebot'!C31^2)*'Solares Dargebot'!C$8*'Solares Dargebot'!C$7/1000 -> 28.741439 | D19: ='Solares Dargebot'!D31*($B$6-$B$10*D$15/'Solares Dargebot'!D31-$B$11*D$15/'Solares Dargebot'!D31^2)*'Solares Dargebot'!D$8*'Solares Dargebot'!D$7/1000 -> 45.39956 | E19: ='Solares Dargebot'!E31*($B$6-$B$10*E$15/'Solares Dargebot'!E31-$B$11*E$15/'Solares Dargebot'!E31^2)*'Solares Dargebot'!E$8*'Solares Dargebot'!E$7/1000 -> 72.583313 | F19: ='Solares Dargebot'!F31*($B$6-$B$10*F$15/'Solares Dargebot'!F31-$B$11*F$15/'Solares Dargebot'!F31^2)*'Solares Dargebot'!F$8*'Solares Dargebot'!F$7/1000 -> 102.44279 | G19: ='Solares Dargebot'!G31*($B$6-$B$10*G$15/'Solares Dargebot'!G31-$B$11*G$15/'Solares Dargebot'!G31^2)*'Solares Dargebot'!G$8*'Solares Dargebot'!G$7/1000 -> 119.09975 | H19: ='Solares Dargebot'!H31*($B$6-$B$10*H$15/'Solares Dargebot'!H31-$B$11*H$15/'Solares Dargebot'!H31^2)*'Solares Dargebot'!H$8*'Solares Dargebot'!H$7/1000 -> 118.60012 | I19: ='Solares Dargebot'!I31*($B$6-$B$10*I$15/'Solares Dargebot'!I31-$B$11*I$15/'Solares Dargebot'!I31^2)*'Solares Dargebot'!I$8*'Solares Dargebot'!I$7/1000 -> 124.20808 | J19: ='Solares Dargebot'!J31*($B$6-$B$10*J$15/'Solares Dargebot'!J31-$B$11*J$15/'Solares Dargebot'!J31^2)*'Solares Dargebot'!J$8*'Solares Dargebot'!J$7/1000 -> 115.68033 | ... N19: ='Solares Dargebot'!N31*($B$6-$B$10*N$15/'Solares Dargebot'!N31-$B$11*N$15/'Solares Dargebot'!N31^2)*'Solares Dargebot'!N$8*'Solares Dargebot'!N$7/1000 -> 20.924447 | O19: =SUM(C19:N19) -> 927.81757
B20: 40 | C20: ='Solares Dargebot'!C32*($B$6-$B$10*C$15/'Solares Dargebot'!C32-$B$11*C$15/'Solares Dargebot'!C32^2)*'Solares Dargebot'!C$8*'Solares Dargebot'!C$7/1000 -> 31.475354 | D20: ='Solares Dargebot'!D32*($B$6-$B$10*D$15/'Solares Dargebot'!D32-$B$11*D$15/'Solares Dargebot'!D32^2)*'Solares Dargebot'!D$8*'Solares Dargebot'!D$7/1000 -> 48.141748 | E20: ='Solares Dargebot'!E32*($B$6-$B$10*E$15/'Solares Dargebot'!E32-$B$11*E$15/'Solares Dargebot'!E32^2)*'Solares Dargebot'!E$8*'Solares Dargebot'!E$7/1000 -> 74.807287 | F20: ='Solares Dargebot'!F32*($B$6-$B$10*F$15/'Solares Dargebot'!F32-$B$11*F$15/'Solares Dargebot'!F32^2)*'Solares Dargebot'!F$8*'Solares Dargebot'!F$7/1000 -> 102.99476 | G20: ='Solares Dargebot'!G32*($B$6-$B$10*G$15/'Solares Dargebot'!G32-$B$11*G$15/'Solares Dargebot'!G32^2)*'Solares Dargebot'!G$8*'Solares Dargebot'!G$7/1000 -> 117.67731 | H20: ='Solares Dargebot'!H32*($B$6-$B$10*H$15/'Solares Dargebot'!H32-$B$11*H$15/'Solares Dargebot'!H32^2)*'Solares Dargebot'!H$8*'Solares Dargebot'!H$7/1000 -> 116.23997 | I20: ='Solares Dargebot'!I32*($B$6-$B$10*I$15/'Solares Dargebot'!I32-$B$11*I$15/'Solares Dargebot'!I32^2)*'Solares Dargebot'!I$8*'Solares Dargebot'!I$7/1000 -> 122.19006 | J20: ='Solares Dargebot'!J32*($B$6-$B$10*J$15/'Solares Dargebot'!J32-$B$11*J$15/'Solares Dargebot'!J32^2)*'Solares Dargebot'!J$8*'Solares Dargebot'!J$7/1000 -> 115.41938 | ... N20: ='Solares Dargebot'!N32*($B$6-$B$10*N$15/'Solares Dargebot'!N32-$B$11*N$15/'Solares Dargebot'!N32^2)*'Solares Dargebot'!N$8*'Solares Dargebot'!N$7/1000 -> 23.325673 | O20: =SUM(C20:N20) -> 939.53849
B21: 45 | C21: ='Solares Dargebot'!C33*($B$6-$B$10*C$15/'Solares Dargebot'!C33-$B$11*C$15/'Solares Dargebot'!C33^2)*'Solares Dargebot'!C$8*'Solares Dargebot'!C$7/1000 -> 33.839463 | D21: ='Solares Dargebot'!D33*($B$6-$B$10*D$15/'Solares Dargebot'!D33-$B$11*D$15/'Solares Dargebot'!D33^2)*'Solares Dargebot'!D$8*'Solares Dargebot'!D$7/1000 -> 50.383042 | E21: ='Solares Dargebot'!E33*($B$6-$B$10*E$15/'Solares Dargebot'!E33-$B$11*E$15/'Solares Dargebot'!E33^2)*'Solares Dargebot'!E$8*'Solares Dargebot'!E$7/1000 -> 76.298314 | F21: ='Solares Dargebot'!F33*($B$6-$B$10*F$15/'Solares Dargebot'!F33-$B$11*F$15/'Solares Dargebot'!F33^2)*'Solares Dargebot'!F$8*'Solares Dargebot'!F$7/1000 -> 102.60954 | G21: ='Solares Dargebot'!G33*($B$6-$B$10*G$15/'Solares Dargebot'!G33-$B$11*G$15/'Solares Dargebot'!G33^2)*'Solares Dargebot'!G$8*'Solares Dargebot'!G$7/1000 -> 115.18088 | H21: ='Solares Dargebot'!H33*($B$6-$B$10*H$15/'Solares Dargebot'!H33-$B$11*H$15/'Solares Dargebot'!H33^2)*'Solares Dargebot'!H$8*'Solares Dargebot'!H$7/1000 -> 112.82606 | I21: ='Solares Dargebot'!I33*($B$6-$B$10*I$15/'Solares Dargebot'!I33-$B$11*I$15/'Solares Dargebot'!I33^2)*'Solares Dargebot'!I$8*'Solares Dargebot'!I$7/1000 -> 119.07874 | J21: ='Solares Dargebot'!J33*($B$6-$B$10*J$15/'Solares Dargebot'!J33-$B$11*J$15/'Solares Dargebot'!J33^2)*'Solares Dargebot'!J$8*'Solares Dargebot'!J$7/1000 -> 114.12516 | ... N21: ='Solares Dargebot'!N33*($B$6-$B$10*N$15/'Solares Dargebot'!N33-$B$11*N$15/'Solares Dargebot'!N33^2)*'Solares Dargebot'!N$8*'Solares Dargebot'!N$7/1000 -> 25.426667 | O21: =SUM(C21:N21) -> 942.33972
B22: 50 | C22: ='Solares Dargebot'!C34*($B$6-$B$10*C$15/'Solares Dargebot'!C34-$B$11*C$15/'Solares Dargebot'!C34^2)*'Solares Dargebot'!C$8*'Solares Dargebot'!C$7/1000 -> 35.815774 | D22: ='Solares Dargebot'!D34*($B$6-$B$10*D$15/'Solares Dargebot'!D34-$B$11*D$15/'Solares Dargebot'!D34^2)*'Solares Dargebot'!D$8*'Solares Dargebot'!D$7/1000 -> 52.106388 | E22: ='Solares Dargebot'!E34*($B$6-$B$10*E$15/'Solares Dargebot'!E34-$B$11*E$15/'Solares Dargebot'!E34^2)*'Solares Dargebot'!E$8*'Solares Dargebot'!E$7/1000 -> 77.045048 | F22: ='Solares Dargebot'!F34*($B$6-$B$10*F$15/'Solares Dargebot'!F34-$B$11*F$15/'Solares Dargebot'!F34^2)*'Solares Dargebot'!F$8*'Solares Dargebot'!F$7/1000 -> 101.29008 | G22: ='Solares Dargebot'!G34*($B$6-$B$10*G$15/'Solares Dargebot'!G34-$B$11*G$15/'Solares Dargebot'!G34^2)*'Solares Dargebot'!G$8*'Solares Dargebot'!G$7/1000 -> 111.62946 | H22: ='Solares Dargebot'!H34*($B$6-$B$10*H$15/'Solares Dargebot'!H34-$B$11*H$15/'Solares Dargebot'!H34^2)*'Solares Dargebot'!H$8*'Solares Dargebot'!H$7/1000 -> 108.38435 | I22: ='Solares Dargebot'!I34*($B$6-$B$10*I$15/'Solares Dargebot'!I34-$B$11*I$15/'Solares Dargebot'!I34^2)*'Solares Dargebot'!I$8*'Solares Dargebot'!I$7/1000 -> 114.89779 | J22: ='Solares Dargebot'!J34*($B$6-$B$10*J$15/'Solares Dargebot'!J34-$B$11*J$15/'Solares Dargebot'!J34^2)*'Solares Dargebot'!J$8*'Solares Dargebot'!J$7/1000 -> 111.80754 | ... N22: ='Solares Dargebot'!N34*($B$6-$B$10*N$15/'Solares Dargebot'!N34-$B$11*N$15/'Solares Dargebot'!N34^2)*'Solares Dargebot'!N$8*'Solares Dargebot'!N$7/1000 -> 27.211441 | O22: =SUM(C22:N22) -> 936.19996
B23: 55 | C23: ='Solares Dargebot'!C35*($B$6-$B$10*C$15/'Solares Dargebot'!C35-$B$11*C$15/'Solares Dargebot'!C35^2)*'Solares Dargebot'!C$8*'Solares Dargebot'!C$7/1000 -> 37.389248 | D23: ='Solares Dargebot'!D35*($B$6-$B$10*D$15/'Solares Dargebot'!D35-$B$11*D$15/'Solares Dargebot'!D35^2)*'Solares Dargebot'!D$8*'Solares Dargebot'!D$7/1000 -> 53.298668 | E23: ='Solares Dargebot'!E35*($B$6-$B$10*E$15/'Solares Dargebot'!E35-$B$11*E$15/'Solares Dargebot'!E35^2)*'Solares Dargebot'!E$8*'Solares Dargebot'!E$7/1000 -> 77.041805 | F23: ='Solares Dargebot'!F35*($B$6-$B$10*F$15/'Solares Dargebot'!F35-$B$11*F$15/'Solares Dargebot'!F35^2)*'Solares Dargebot'!F$8*'Solares Dargebot'!F$7/1000 -> 99.0464 | G23: ='Solares Dargebot'!G35*($B$6-$B$10*G$15/'Solares Dargebot'!G35-$B$11*G$15/'Solares Dargebot'!G35^2)*'Solares Dargebot'!G$8*'Solares Dargebot'!G$7/1000 -> 107.05008 | H23: ='Solares Dargebot'!H35*($B$6-$B$10*H$15/'Solares Dargebot'!H35-$B$11*H$15/'Solares Dargebot'!H35^2)*'Solares Dargebot'!H$8*'Solares Dargebot'!H$7/1000 -> 102.94866 | I23: ='Solares Dargebot'!I35*($B$6-$B$10*I$15/'Solares Dargebot'!I35-$B$11*I$15/'Solares Dargebot'!I35^2)*'Solares Dargebot'!I$8*'Solares Dargebot'!I$7/1000 -> 109.67903 | J23: ='Solares Dargebot'!J35*($B$6-$B$10*J$15/'Solares Dargebot'!J35-$B$11*J$15/'Solares Dargebot'!J35^2)*'Solares Dargebot'!J$8*'Solares Dargebot'!J$7/1000 -> 108.48415 | ... N23: ='Solares Dargebot'!N35*($B$6-$B$10*N$15/'Solares Dargebot'!N35-$B$11*N$15/'Solares Dargebot'!N35^2)*'Solares Dargebot'!N$8*'Solares Dargebot'!N$7/1000 -> 28.666413 | O23: =SUM(C23:N23) -> 921.16593
B24: 60 | C24: ='Solares Dargebot'!C36*($B$6-$B$10*C$15/'Solares Dargebot'!C36-$B$11*C$15/'Solares Dargebot'!C36^2)*'Solares Dargebot'!C$8*'Solares Dargebot'!C$7/1000 -> 38.54791 | D24: ='Solares Dargebot'!D36*($B$6-$B$10*D$15/'Solares Dargebot'!D36-$B$11*D$15/'Solares Dargebot'!D36^2)*'Solares Dargebot'!D$8*'Solares Dargebot'!D$7/1000 -> 53.95081 | E24: ='Solares Dargebot'!E36*($B$6-$B$10*E$15/'Solares Dargebot'!E36-$B$11*E$15/'Solares Dargebot'!E36^2)*'Solares Dargebot'!E$8*'Solares Dargebot'!E$7/1000 -> 76.288609 | F24: ='Solares Dargebot'!F36*($B$6-$B$10*F$15/'Solares Dargebot'!F36-$B$11*F$15/'Solares Dargebot'!F36^2)*'Solares Dargebot'!F$8*'Solares Dargebot'!F$7/1000 -> 95.895588 | G24: ='Solares Dargebot'!G36*($B$6-$B$10*G$15/'Solares Dargebot'!G36-$B$11*G$15/'Solares Dargebot'!G36^2)*'Solares Dargebot'!G$8*'Solares Dargebot'!G$7/1000 -> 101.47759 | H24: ='Solares Dargebot'!H36*($B$6-$B$10*H$15/'Solares Dargebot'!H36-$B$11*H$15/'Solares Dargebot'!H36^2)*'Solares Dargebot'!H$8*'Solares Dargebot'!H$7/1000 -> 96.560358 | I24: ='Solares Dargebot'!I36*($B$6-$B$10*I$15/'Solares Dargebot'!I36-$B$11*I$15/'Solares Dargebot'!I36^2)*'Solares Dargebot'!I$8*'Solares Dargebot'!I$7/1000 -> 103.46218 | J24: ='Solares Dargebot'!J36*($B$6-$B$10*J$15/'Solares Dargebot'!J36-$B$11*J$15/'Solares Dargebot'!J36^2)*'Solares Dargebot'!J$8*'Solares Dargebot'!J$7/1000 -> 104.18028 | ... N24: ='Solares Dargebot'!N36*($B$6-$B$10*N$15/'Solares Dargebot'!N36-$B$11*N$15/'Solares Dargebot'!N36^2)*'Solares Dargebot'!N$8*'Solares Dargebot'!N$7/1000 -> 29.780509 | O24: =SUM(C24:N24) -> 897.35204
B25: 65 | C25: ='Solares Dargebot'!C37*($B$6-$B$10*C$15/'Solares Dargebot'!C37-$B$11*C$15/'Solares Dargebot'!C37^2)*'Solares Dargebot'!C$8*'Solares Dargebot'!C$7/1000 -> 39.282943 | D25: ='Solares Dargebot'!D37*($B$6-$B$10*D$15/'Solares Dargebot'!D37-$B$11*D$15/'Solares Dargebot'!D37^2)*'Solares Dargebot'!D$8*'Solares Dargebot'!D$7/1000 -> 54.057851 | E25: ='Solares Dargebot'!E37*($B$6-$B$10*E$15/'Solares Dargebot'!E37-$B$11*E$15/'Solares Dargebot'!E37^2)*'Solares Dargebot'!E$8*'Solares Dargebot'!E$7/1000 -> 74.791193 | F25: ='Solares Dargebot'!F37*($B$6-$B$10*F$15/'Solares Dargebot'!F37-$B$11*F$15/'Solares Dargebot'!F37^2)*'Solares Dargebot'!F$8*'Solares Dargebot'!F$7/1000 -> 91.861619 | G25: ='Solares Dargebot'!G37*($B$6-$B$10*G$15/'Solares Dargebot'!G37-$B$11*G$15/'Solares Dargebot'!G37^2)*'Solares Dargebot'!G$8*'Solares Dargebot'!G$7/1000 -> 94.954394 | H25: ='Solares Dargebot'!H37*($B$6-$B$10*H$15/'Solares Dargebot'!H37-$B$11*H$15/'Solares Dargebot'!H37^2)*'Solares Dargebot'!H$8*'Solares Dargebot'!H$7/1000 -> 89.268052 | I25: ='Solares Dargebot'!I37*($B$6-$B$10*I$15/'Solares Dargebot'!I37-$B$11*I$15/'Solares Dargebot'!I37^2)*'Solares Dargebot'!I$8*'Solares Dargebot'!I$7/1000 -> 96.294556 | J25: ='Solares Dargebot'!J37*($B$6-$B$10*J$15/'Solares Dargebot'!J37-$B$11*J$15/'Solares Dargebot'!J37^2)*'Solares Dargebot'!J$8*'Solares Dargebot'!J$7/1000 -> 98.928686 | ... N25: ='Solares Dargebot'!N37*($B$6-$B$10*N$15/'Solares Dargebot'!N37-$B$11*N$15/'Solares Dargebot'!N37^2)*'Solares Dargebot'!N$8*'Solares Dargebot'!N$7/1000 -> 30.545253 | O25: =SUM(C25:N25) -> 864.93954
B26: 70 | C26: ='Solares Dargebot'!C38*($B$6-$B$10*C$15/'Solares Dargebot'!C38-$B$11*C$15/'Solares Dargebot'!C38^2)*'Solares Dargebot'!C$8*'Solares Dargebot'!C$7/1000 -> 39.588752 | D26: ='Solares Dargebot'!D38*($B$6-$B$10*D$15/'Solares Dargebot'!D38-$B$11*D$15/'Solares Dargebot'!D38^2)*'Solares Dargebot'!D$8*'Solares Dargebot'!D$7/1000 -> 53.618975 | E26: ='Solares Dargebot'!E38*($B$6-$B$10*E$15/'Solares Dargebot'!E38-$B$11*E$15/'Solares Dargebot'!E38^2)*'Solares Dargebot'!E$8*'Solares Dargebot'!E$7/1000 -> 72.560954 | F26: ='Solares Dargebot'!F38*($B$6-$B$10*F$15/'Solares Dargebot'!F38-$B$11*F$15/'Solares Dargebot'!F38^2)*'Solares Dargebot'!F$8*'Solares Dargebot'!F$7/1000 -> 86.975195 | G26: ='Solares Dargebot'!G38*($B$6-$B$10*G$15/'Solares Dargebot'!G38-$B$11*G$15/'Solares Dargebot'!G38^2)*'Solares Dargebot'!G$8*'Solares Dargebot'!G$7/1000 -> 87.530143 | H26: ='Solares Dargebot'!H38*($B$6-$B$10*H$15/'Solares Dargebot'!H38-$B$11*H$15/'Solares Dargebot'!H38^2)*'Solares Dargebot'!H$8*'Solares Dargebot'!H$7/1000 -> 81.127243 | I26: ='Solares Dargebot'!I38*($B$6-$B$10*I$15/'Solares Dargebot'!I38-$B$11*I$15/'Solares Dargebot'!I38^2)*'Solares Dargebot'!I$8*'Solares Dargebot'!I$7/1000 -> 88.230701 | J26: ='Solares Dargebot'!J38*($B$6-$B$10*J$15/'Solares Dargebot'!J38-$B$11*J$15/'Solares Dargebot'!J38^2)*'Solares Dargebot'!J$8*'Solares Dargebot'!J$7/1000 -> 92.769337 | ... N26: ='Solares Dargebot'!N38*($B$6-$B$10*N$15/'Solares Dargebot'!N38-$B$11*N$15/'Solares Dargebot'!N38^2)*'Solares Dargebot'!N$8*'Solares Dargebot'!N$7/1000 -> 30.954824 | O26: =SUM(C26:N26) -> 824.17509
B27: 75 | C27: ='Solares Dargebot'!C39*($B$6-$B$10*C$15/'Solares Dargebot'!C39-$B$11*C$15/'Solares Dargebot'!C39^2)*'Solares Dargebot'!C$8*'Solares Dargebot'!C$7/1000 -> 39.463011 | D27: ='Solares Dargebot'!D39*($B$6-$B$10*D$15/'Solares Dargebot'!D39-$B$11*D$15/'Solares Dargebot'!D39^2)*'Solares Dargebot'!D$8*'Solares Dargebot'!D$7/1000 -> 52.637523 | E27: ='Solares Dargebot'!E39*($B$6-$B$10*E$15/'Solares Dargebot'!E39-$B$11*E$15/'Solares Dargebot'!E39^2)*'Solares Dargebot'!E$8*'Solares Dargebot'!E$7/1000 -> 69.614863 | F27: ='Solares Dargebot'!F39*($B$6-$B$10*F$15/'Solares Dargebot'!F39-$B$11*F$15/'Solares Dargebot'!F39^2)*'Solares Dargebot'!F$8*'Solares Dargebot'!F$7/1000 -> 81.273502 | G27: ='Solares Dargebot'!G39*($B$6-$B$10*G$15/'Solares Dargebot'!G39-$B$11*G$15/'Solares Dargebot'!G39^2)*'Solares Dargebot'!G$8*'Solares Dargebot'!G$7/1000 -> 79.261335 | H27: ='Solares Dargebot'!H39*($B$6-$B$10*H$15/'Solares Dargebot'!H39-$B$11*H$15/'Solares Dargebot'!H39^2)*'Solares Dargebot'!H$8*'Solares Dargebot'!H$7/1000 -> 72.199884 | I27: ='Solares Dargebot'!I39*($B$6-$B$10*I$15/'Solares Dargebot'!I39-$B$11*I$15/'Solares Dargebot'!I39^2)*'Solares Dargebot'!I$8*'Solares Dargebot'!I$7/1000 -> 79.331984 | J27: ='Solares Dargebot'!J39*($B$6-$B$10*J$15/'Solares Dargebot'!J39-$B$11*J$15/'Solares Dargebot'!J39^2)*'Solares Dargebot'!J$8*'Solares Dargebot'!J$7/1000 -> 85.749107 | ... N27: ='Solares Dargebot'!N39*($B$6-$B$10*N$15/'Solares Dargebot'!N39-$B$11*N$15/'Solares Dargebot'!N39^2)*'Solares Dargebot'!N$8*'Solares Dargebot'!N$7/1000 -> 31.006105 | O27: =SUM(C27:N27) -> 775.36893

Sheet Flachkollektor
A1: Mittlerer monatlicher Kollektorertrag [kWh/m²/month]
A2: mittlere Kollektortemperatur [°C] | B2: 60
A4: Typ | B4: Flachkollektoren
A5: Name | B5: Vitosol 200-F
A6: Optische Effizienz | B6: 0.818
A7: Bruttokollektorfläche [m²] | B7: 2.51
A8: Aperturfläche [m²] | B8: 2.32
A9: Modulpreis [€] | B9: 510
A10: Wärmeverlustbeiwert k1 [W/m²/K] | B10: 3.538
A11: Wärmeverlustbeiwert k2 [W/m²/K²] | B11: 0.023
A13: Monat | C13: Jan | D13: Feb | E13: Mrz | F13: Apr | G13: Mai | H13: Jun | I13: Jul | J13: Aug | K13: Sep | L13: Okt | M13: Nov | N13: Dez | O13: Summe [kWh/m²/a]
A14: Durchschnittliche Außentemperatur [°C] | C14: 1.8 | D14: 2.2 | E14: 5.8 | F14: 10.9 | G14: 14.3 | H14: 17.5 | I14: 19.5 | J14: 17.8 | K14: 14.5 | L14: 10.3 | M14: 6 | N14: 2.5
B15: Durchschnittliche Temperaturdifferenz [K] | C15: =$B$2-C14 -> 58.2 | D15: =$B$2-D14 -> 57.8 | E15: =$B$2-E14 -> 54.2 | F15: =$B$2-F14 -> 49.1 | G15: =$B$2-G14 -> 45.7 | H15: =$B$2-H14 -> 42.5 | I15: =$B$2-I14 -> 40.5 | J15: =$B$2-J14 -> 42.2 | ... N15: =$B$2-N14 -> 57.5
A16: Kollektor-Anstellwinkel [°] | B16: 20 | C16: ='Solares Dargebot'!C28*($B$6-$B$10*C$15/'Solares Dargebot'!C28-$B$11*C$15/'Solares Dargebot'!C28^2)*'Solares Dargebot'!C$8*'Solares Dargebot'!C$7/1000 -> -18.484474 | D16: ='Solares Dargebot'!D28*($B$6-$B$10*D$15/'Solares Dargebot'!D28-$B$11*D$15/'Solares Dargebot'!D28^2)*'Solares Dargebot'!D$8*'Solares Dargebot'!D$7/1000 -> -3.5155958 | E16: ='Solares Dargebot'!E28*($B$6-$B$10*E$15/'Solares Dargebot'!E28-$B$11*E$15/'Solares Dargebot'!E28^2)*'Solares Dargebot'!E$8*'Solares Dargebot'!E$7/1000 -> 16.016001 | F16: ='Solares Dargebot'!F28*($B$6-$B$10*F$15/'Solares Dargebot'!F28-$B$11*F$15/'Solares Dargebot'!F28^2)*'Solares Dargebot'!F$8*'Solares Dargebot'!F$7/1000 -> 53.213614 | G16: ='Solares Dargebot'!G28*($B$6-$B$10*G$15/'Solares Dargebot'!G28-$B$11*G$15/'Solares Dargebot'!G28^2)*'Solares Dargebot'!G$8*'Solares Dargebot'!G$7/1000 -> 68.087876 | H16: ='Solares Dargebot'!H28*($B$6-$B$10*H$15/'Solares Dargebot'!H28-$B$11*H$15/'Solares Dargebot'!H28^2)*'Solares Dargebot'!H$8*'Solares Dargebot'!H$7/1000 -> 73.167076 | I16: ='Solares Dargebot'!I28*($B$6-$B$10*I$15/'Solares Dargebot'!I28-$B$11*I$15/'Solares Dargebot'!I28^2)*'Solares Dargebot'!I$8*'Solares Dargebot'!I$7/1000 -> 79.283028 | J16: ='Solares Dargebot'!J28*($B$6-$B$10*J$15/'Solares Dargebot'!J28-$B$11*J$15/'Solares Dargebot'!J28^2)*'Solares Dargebot'!J$8*'Solares Dargebot'!J$7/1000 -> 68.139668 | ... N16: ='Solares Dargebot'!N28*($B$6-$B$10*N$15/'Solares Dargebot'!N28-$B$11*N$15/'Solares Dargebot'!N28^2)*'Solares Dargebot'!N$8*'Solares Dargebot'!N$7/1000 -> -22.880945 | O16: =SUM(C16:N16) -> 349.94224
B17: 25 | C17: ='Solares Dargebot'!C29*($B$6-$B$10*C$15/'Solares Dargebot'!C29-$B$11*C$15/'Solares Dargebot'!C29^2)*'Solares Dargebot'!C$8*'Solares Dargebot'!C$7/1000 -> -14.697574 | D17: ='Solares Dargebot'!D29*($B$6-$B$10*D$15/'Solares Dargebot'!D29-$B$11*D$15/'Solares Dargebot'!D29^2)*'Solares Dargebot'!D$8*'Solares Dargebot'!D$7/1000 -> 0.67683846 | E17: ='Solares Dargebot'!E29*($B$6-$B$10*E$15/'Solares Dargebot'!E29-$B$11*E$15/'Solares Dargebot'!E29^2)*'Solares Dargebot'!E$8*'Solares Dargebot'!E$7/1000 -> 20.406943 | F17: ='Solares Dargebot'!F29*($B$6-$B$10*F$15/'Solares Dargebot'!F29-$B$11*F$15/'Solares Dargebot'!F29^2)*'Solares Dargebot'!F$8*'Solares Dargebot'!F$7/1000 -> 56.593887 | G17: ='Solares Dargebot'!G29*($B$6-$B$10*G$15/'Solares Dargebot'!G29-$B$11*G$15/'Solares Dargebot'!G29^2)*'Solares Dargebot'!G$8*'Solares Dargebot'!G$7/1000 -> 69.958193 | H17: ='Solares Dargebot'!H29*($B$6-$B$10*H$15/'Solares Dargebot'!H29-$B$11*H$15/'Solares Dargebot'!H29^2)*'Solares Dargebot'!H$8*'Solares Dargebot'!H$7/1000 -> 74.061912 | I17: ='Solares Dargebot'!I29*($B$6-$B$10*I$15/'Solares Dargebot'!I29-$B$11*I$15/'Solares Dargebot'!I29^2)*'Solares Dargebot'!I$8*'Solares Dargebot'!I$7/1000 -> 80.631297 | J17: ='Solares Dargebot'!J29*($B$6-$B$10*J$15/'Solares Dargebot'!J29-$B$11*J$15/'Solares Dargebot'!J29^2)*'Solares Dargebot'!J$8*'Solares Dargebot'!J$7/1000 -> 71.018783 | ... N17: ='Solares Dargebot'!N29*($B$6-$B$10*N$15/'Solares Dargebot'!N29-$B$11*N$15/'Solares Dargebot'!N29^2)*'Solares Dargebot'!N$8*'Solares Dargebot'!N$7/1000 -> -19.629337 | O17: =SUM(C17:N17) -> 388.41978
B18: 30 | C18: ='Solares Dargebot'!C30*($B$6-$B$10*C$15/'Solares Dargebot'!C30-$B$11*C$15/'Solares Dargebot'!C30^2)*'Solares Dargebot'!C$8*'Solares Dargebot'!C$7/1000 -> -11.21667 | D18: ='Solares Dargebot'!D30*($B$6-$B$10*D$15/'Solares Dargebot'!D30-$B$11*D$15/'Solares Dargebot'!D30^2)*'Solares Dargebot'!D$8*'Solares Dargebot'!D$7/1000 -> 4.4326674 | E18: ='Solares Dargebot'!E30*($B$6-$B$10*E$15/'Solares Dargebot'!E30-$B$11*E$15/'Solares Dargebot'!E30^2)*'Solares Dargebot'!E$8*'Solares Dargebot'!E$7/1000 -> 24.117744 | F18: ='Solares Dargebot'!F30*($B$6-$B$10*F$15/'Solares Dargebot'!F30-$B$11*F$15/'Solares Dargebot'!F30^2)*'Solares Dargebot'!F$8*'Solares Dargebot'!F$7/1000 -> 59.051614 | G18: ='Solares Dargebot'!G30*($B$6-$B$10*G$15/'Solares Dargebot'!G30-$B$11*G$15/'Solares Dargebot'!G30^2)*'Solares Dargebot'!G$8*'Solares Dargebot'!G$7/1000 -> 70.723867 | H18: ='Solares Dargebot'!H30*($B$6-$B$10*H$15/'Solares Dargebot'!H30-$B$11*H$15/'Solares Dargebot'!H30^2)*'Solares Dargebot'!H$8*'Solares Dargebot'!H$7/1000 -> 73.850642 | I18: ='Solares Dargebot'!I30*($B$6-$B$10*I$15/'Solares Dargebot'!I30-$B$11*I$15/'Solares Dargebot'!I30^2)*'Solares Dargebot'!I$8*'Solares Dargebot'!I$7/1000 -> 80.841902 | J18: ='Solares Dargebot'!J30*($B$6-$B$10*J$15/'Solares Dargebot'!J30-$B$11*J$15/'Solares Dargebot'!J30^2)*'Solares Dargebot'!J$8*'Solares Dargebot'!J$7/1000 -> 72.860712 | ... N18: ='Solares Dargebot'!N30*($B$6-$B$10*N$15/'Solares Dargebot'!N30-$B$11*N$15/'Solares Dargebot'!N30^2)*'Solares Dargebot'!N$8*'Solares Dargebot'!N$7/1000 -> -16.621982 | O18: =SUM(C18:N18) -> 418.26607
B19: 35 | C19: ='Solares Dargebot'!C31*($B$6-$B$10*C$15/'Solares Dargebot'!C31-$B$11*C$15/'Solares Dargebot'!C31^2)*'Solares Dargebot'!C$8*'Solares Dargebot'!C$7/1000 -> -8.0682407 | D19: ='Solares Dargebot'!D31*($B$6-$B$10*D$15/'Solares Dargebot'!D31-$B$11*D$15/'Solares Dargebot'!D31^2)*'Solares Dargebot'!D$8*'Solares Dargebot'!D$7/1000 -> 7.7233133 | E19: ='Solares Dargebot'!E31*($B$6-$B$10*E$15/'Solares Dargebot'!E31-$B$11*E$15/'Solares Dargebot'!E31^2)*'Solares Dargebot'!E$8*'Solares Dargebot'!E$7/1000 -> 27.120166 | F19: ='Solares Dargebot'!F31*($B$6-$B$10*F$15/'Solares Dargebot'!F31-$B$11*F$15/'Solares Dargebot'!F31^2)*'Solares Dargebot'!F$8*'Solares Dargebot'!F$7/1000 -> 60.568093 | G19: ='Solares Dargebot'!G31*($B$6-$B$10*G$15/'Solares Dargebot'!G31-$B$11*G$15/'Solares Dargebot'!G31^2)*'Solares Dargebot'!G$8*'Solares Dargebot'!G$7/1000 -> 70.379073 | H19: ='Solares Dargebot'!H31*($B$6-$B$10*H$15/'Solares Dargebot'!H31-$B$11*H$15/'Solares Dargebot'!H31^2)*'Solares Dargebot'!H$8*'Solares Dargebot'!H$7/1000 -> 72.534875 | I19: ='Solares Dargebot'!I31*($B$6-$B$10*I$15/'Solares Dargebot'!I31-$B$11*I$15/'Solares Dargebot'!I31^2)*'Solares Dargebot'!I$8*'Solares Dargebot'!I$7/1000 -> 79.913241 | J19: ='Solares Dargebot'!J31*($B$6-$B$10*J$15/'Solares Dargebot'!J31-$B$11*J$15/'Solares Dargebot'!J31^2)*'Solares Dargebot'!J$8*'Solares Dargebot'!J$7/1000 -> 73.651438 | ... N19: ='Solares Dargebot'!N31*($B$6-$B$10*N$15/'Solares Dargebot'!N31-$B$11*N$15/'Solares Dargebot'!N31^2)*'Solares Dargebot'!N$8*'Solares Dargebot'!N$7/1000 -> -13.88175 | O19: =SUM(C19:N19) -> 439.25404
B20: 40 | C20: ='Solares Dargebot'!C32*($B$6-$B$10*C$15/'Solares Dargebot'!C32-$B$11*C$15/'Solares Dargebot'!C32^2)*'Solares Dargebot'!C$8*'Solares Dargebot'!C$7/1000 -> -5.2762381 | D20: ='Solares Dargebot'!D32*($B$6-$B$10*D$15/'Solares Dargebot'!D32-$B$11*D$15/'Solares Dargebot'!D32^2)*'Solares Dargebot'!D$8*'Solares Dargebot'!D$7/1000 -> 10.523737 | E20: ='Solares Dargebot'!E32*($B$6-$B$10*E$15/'Solares Dargebot'!E32-$B$11*E$15/'Solares Dargebot'!E32^2)*'Solares Dargebot'!E$8*'Solares Dargebot'!E$7/1000 -> 29.391363 | F20: ='Solares Dargebot'!F32*($B$6-$B$10*F$15/'Solares Dargebot'!F32-$B$11*F$15/'Solares Dargebot'!F32^2)*'Solares Dargebot'!F$8*'Solares Dargebot'!F$7/1000 -> 61.131781 | G20: ='Solares Dargebot'!G32*($B$6-$B$10*G$15/'Solares Dargebot'!G32-$B$11*G$15/'Solares Dargebot'!G32^2)*'Solares Dargebot'!G$8*'Solares Dargebot'!G$7/1000 -> 68.926435 | H20: ='Solares Dargebot'!H32*($B$6-$B$10*H$15/'Solares Dargebot'!H32-$B$11*H$15/'Solares Dargebot'!H32^2)*'Solares Dargebot'!H$8*'Solares Dargebot'!H$7/1000 -> 70.124623 | I20: ='Solares Dargebot'!I32*($B$6-$B$10*I$15/'Solares Dargebot'!I32-$B$11*I$15/'Solares Dargebot'!I32^2)*'Solares Dargebot'!I$8*'Solares Dargebot'!I$7/1000 -> 77.852381 | J20: ='Solares Dargebot'!J32*($B$6-$B$10*J$15/'Solares Dargebot'!J32-$B$11*J$15/'Solares Dargebot'!J32^2)*'Solares Dargebot'!J$8*'Solares Dargebot'!J$7/1000 -> 73.384942 | ... N20: ='Solares Dargebot'!N32*($B$6-$B$10*N$15/'Solares Dargebot'!N32-$B$11*N$15/'Solares Dargebot'!N32^2)*'Solares Dargebot'!N$8*'Solares Dargebot'!N$7/1000 -> -11.429484 | O20: =SUM(C20:N20) -> 451.22398
B21: 45 | C21: ='Solares Dargebot'!C33*($B$6-$B$10*C$15/'Solares Dargebot'!C33-$B$11*C$15/'Solares Dargebot'!C33^2)*'Solares Dargebot'!C$8*'Solares Dargebot'!C$7/1000 -> -2.8619047 | D21: ='Solares Dargebot'!D33*($B$6-$B$10*D$15/'Solares Dargebot'!D33-$B$11*D$15/'Solares Dargebot'!D33^2)*'Solares Dargebot'!D$8*'Solares Dargebot'!D$7/1000 -> 12.812628 | E21: ='Solares Dargebot'!E33*($B$6-$B$10*E$15/'Solares Dargebot'!E33-$B$11*E$15/'Solares Dargebot'!E33^2)*'Solares Dargebot'!E$8*'Solares Dargebot'!E$7/1000 -> 30.914049 | F21: ='Solares Dargebot'!F33*($B$6-$B$10*F$15/'Solares Dargebot'!F33-$B$11*F$15/'Solares Dargebot'!F33^2)*'Solares Dargebot'!F$8*'Solares Dargebot'!F$7/1000 -> 60.738389 | G21: ='Solares Dargebot'!G33*($B$6-$B$10*G$15/'Solares Dargebot'!G33-$B$11*G$15/'Solares Dargebot'!G33^2)*'Solares Dargebot'!G$8*'Solares Dargebot'!G$7/1000 -> 66.377007 | H21: ='Solares Dargebot'!H33*($B$6-$B$10*H$15/'Solares Dargebot'!H33-$B$11*H$15/'Solares Dargebot'!H33^2)*'Solares Dargebot'!H$8*'Solares Dargebot'!H$7/1000 -> 66.63823 | I21: ='Solares Dargebot'!I33*($B$6-$B$10*I$15/'Solares Dargebot'!I33-$B$11*I$15/'Solares Dargebot'!I33^2)*'Solares Dargebot'!I$8*'Solares Dargebot'!I$7/1000 -> 74.675005 | J21: ='Solares Dargebot'!J33*($B$6-$B$10*J$15/'Solares Dargebot'!J33-$B$11*J$15/'Solares Dargebot'!J33^2)*'Solares Dargebot'!J$8*'Solares Dargebot'!J$7/1000 -> 72.063253 | ... N21: ='Solares Dargebot'!N33*($B$6-$B$10*N$15/'Solares Dargebot'!N33-$B$11*N$15/'Solares Dargebot'!N33^2)*'Solares Dargebot'!N$8*'Solares Dargebot'!N$7/1000 -> -9.2838388 | O21: =SUM(C21:N21) -> 454.08482
B22: 50 | C22: ='Solares Dargebot'!C34*($B$6-$B$10*C$15/'Solares Dargebot'!C34-$B$11*C$15/'Solares Dargebot'!C34^2)*'Solares Dargebot'!C$8*'Solares Dargebot'!C$7/1000 -> -0.84361074 | D22: ='Solares Dargebot'!D34*($B$6-$B$10*D$15/'Solares Dargebot'!D34-$B$11*D$15/'Solares Dargebot'!D34^2)*'Solares Dargebot'!D$8*'Solares Dargebot'!D$7/1000 -> 14.572569 | E22: ='Solares Dargebot'!E34*($B$6-$B$10*E$15/'Solares Dargebot'!E34-$B$11*E$15/'Solares Dargebot'!E34^2)*'Solares Dargebot'!E$8*'Solares Dargebot'!E$7/1000 -> 31.676637 | F22: ='Solares Dargebot'!F34*($B$6-$B$10*F$15/'Solares Dargebot'!F34-$B$11*F$15/'Solares Dargebot'!F34^2)*'Solares Dargebot'!F$8*'Solares Dargebot'!F$7/1000 -> 59.390911 | G22: ='Solares Dargebot'!G34*($B$6-$B$10*G$15/'Solares Dargebot'!G34-$B$11*G$15/'Solares Dargebot'!G34^2)*'Solares Dargebot'!G$8*'Solares Dargebot'!G$7/1000 -> 62.750191 | H22: ='Solares Dargebot'!H34*($B$6-$B$10*H$15/'Solares Dargebot'!H34-$B$11*H$15/'Solares Dargebot'!H34^2)*'Solares Dargebot'!H$8*'Solares Dargebot'!H$7/1000 -> 62.102227 | I22: ='Solares Dargebot'!I34*($B$6-$B$10*I$15/'Solares Dargebot'!I34-$B$11*I$15/'Solares Dargebot'!I34^2)*'Solares Dargebot'!I$8*'Solares Dargebot'!I$7/1000 -> 70.405294 | J22: ='Solares Dargebot'!J34*($B$6-$B$10*J$15/'Solares Dargebot'!J34-$B$11*J$15/'Solares Dargebot'!J34^2)*'Solares Dargebot'!J$8*'Solares Dargebot'!J$7/1000 -> 69.696429 | ... N22: ='Solares Dargebot'!N34*($B$6-$B$10*N$15/'Solares Dargebot'!N34-$B$11*N$15/'Solares Dargebot'!N34^2)*'Solares Dargebot'!N$8*'Solares Dargebot'!N$7/1000 -> -7.4611391 | O22: =SUM(C22:N22) -> 447.81481
B23: 55 | C23: ='Solares Dargebot'!C35*($B$6-$B$10*C$15/'Solares Dargebot'!C35-$B$11*C$15/'Solares Dargebot'!C35^2)*'Solares Dargebot'!C$8*'Solares Dargebot'!C$7/1000 -> 0.76328639 | D23: ='Solares Dargebot'!D35*($B$6-$B$10*D$15/'Solares Dargebot'!D35-$B$11*D$15/'Solares Dargebot'!D35^2)*'Solares Dargebot'!D$8*'Solares Dargebot'!D$7/1000 -> 15.790167 | E23: ='Solares Dargebot'!E35*($B$6-$B$10*E$15/'Solares Dargebot'!E35-$B$11*E$15/'Solares Dargebot'!E35^2)*'Solares Dargebot'!E$8*'Solares Dargebot'!E$7/1000 -> 31.673325 | F23: ='Solares Dargebot'!F35*($B$6-$B$10*F$15/'Solares Dargebot'!F35-$B$11*F$15/'Solares Dargebot'!F35^2)*'Solares Dargebot'!F$8*'Solares Dargebot'!F$7/1000 -> 57.099602 | G23: ='Solares Dargebot'!G35*($B$6-$B$10*G$15/'Solares Dargebot'!G35-$B$11*G$15/'Solares Dargebot'!G35^2)*'Solares Dargebot'!G$8*'Solares Dargebot'!G$7/1000 -> 58.073588 | H23: ='Solares Dargebot'!H35*($B$6-$B$10*H$15/'Solares Dargebot'!H35-$B$11*H$15/'Solares Dargebot'!H35^2)*'Solares Dargebot'!H$8*'Solares Dargebot'!H$7/1000 -> 56.551133 | I23: ='Solares Dargebot'!I35*($B$6-$B$10*I$15/'Solares Dargebot'!I35-$B$11*I$15/'Solares Dargebot'!I35^2)*'Solares Dargebot'!I$8*'Solares Dargebot'!I$7/1000 -> 65.075741 | J23: ='Solares Dargebot'!J35*($B$6-$B$10*J$15/'Solares Dargebot'!J35-$B$11*J$15/'Solares Dargebot'!J35^2)*'Solares Dargebot'!J$8*'Solares Dargebot'!J$7/1000 -> 66.302483 | ... N23: ='Solares Dargebot'!N35*($B$6-$B$10*N$15/'Solares Dargebot'!N35-$B$11*N$15/'Solares Dargebot'!N35^2)*'Solares Dargebot'!N$8*'Solares Dargebot'!N$7/1000 -> -5.9752527 | O23: =SUM(C23:N23) -> 432.46167
B24: 60 | C24: ='Solares Dargebot'!C36*($B$6-$B$10*C$15/'Solares Dargebot'!C36-$B$11*C$15/'Solares Dargebot'!C36^2)*'Solares Dargebot'!C$8*'Solares Dargebot'!C$7/1000 -> 1.9465594 | D24: ='Solares Dargebot'!D36*($B$6-$B$10*D$15/'Solares Dargebot'!D36-$B$11*D$15/'Solares Dargebot'!D36^2)*'Solares Dargebot'!D$8*'Solares Dargebot'!D$7/1000 -> 16.456157 | E24: ='Solares Dargebot'!E36*($B$6-$B$10*E$15/'Solares Dargebot'!E36-$B$11*E$15/'Solares Dargebot'!E36^2)*'Solares Dargebot'!E$8*'Solares Dargebot'!E$7/1000 -> 30.904137 | F24: ='Solares Dargebot'!F36*($B$6-$B$10*F$15/'Solares Dargebot'!F36-$B$11*F$15/'Solares Dargebot'!F36^2)*'Solares Dargebot'!F$8*'Solares Dargebot'!F$7/1000 -> 53.881899 | G24: ='Solares Dargebot'!G36*($B$6-$B$10*G$15/'Solares Dargebot'!G36-$B$11*G$15/'Solares Dargebot'!G36^2)*'Solares Dargebot'!G$8*'Solares Dargebot'!G$7/1000 -> 52.382786 | H24: ='Solares Dargebot'!H36*($B$6-$B$10*H$15/'Solares Dargebot'!H36-$B$11*H$15/'Solares Dargebot'!H36^2)*'Solares Dargebot'!H$8*'Solares Dargebot'!H$7/1000 -> 50.027192 | I24: ='Solares Dargebot'!I36*($B$6-$B$10*I$15/'Solares Dargebot'!I36-$B$11*I$15/'Solares Dargebot'!I36^2)*'Solares Dargebot'!I$8*'Solares Dargebot'!I$7/1000 -> 58.726904 | J24: ='Solares Dargebot'!J36*($B$6-$B$10*J$15/'Solares Dargebot'!J36-$B$11*J$15/'Solares Dargebot'!J36^2)*'Solares Dargebot'!J$8*'Solares Dargebot'!J$7/1000 -> 61.907242 | ... N24: ='Solares Dargebot'!N36*($B$6-$B$10*N$15/'Solares Dargebot'!N36-$B$11*N$15/'Solares Dargebot'!N36^2)*'Solares Dargebot'!N$8*'Solares Dargebot'!N$7/1000 -> -4.8374854 | O24: =SUM(C24:N24) -> 408.14224
B25: 65 | C25: ='Solares Dargebot'!C37*($B$6-$B$10*C$15/'Solares Dargebot'!C37-$B$11*C$15/'Solares Dargebot'!C37^2)*'Solares Dargebot'!C$8*'Solares Dargebot'!C$7/1000 -> 2.6972043 | D25: ='Solares Dargebot'!D37*($B$6-$B$10*D$15/'Solares Dargebot'!D37-$B$11*D$15/'Solares Dargebot'!D37^2)*'Solares Dargebot'!D$8*'Solares Dargebot'!D$7/1000 -> 16.565471 | E25: ='Solares Dargebot'!E37*($B$6-$B$10*E$15/'Solares Dargebot'!E37-$B$11*E$15/'Solares Dargebot'!E37^2)*'Solares Dargebot'!E$8*'Solares Dargebot'!E$7/1000 -> 29.374927 | F25: ='Solares Dargebot'!F37*($B$6-$B$10*F$15/'Solares Dargebot'!F37-$B$11*F$15/'Solares Dargebot'!F37^2)*'Solares Dargebot'!F$8*'Solares Dargebot'!F$7/1000 -> 49.762288 | G25: ='Solares Dargebot'!G37*($B$6-$B$10*G$15/'Solares Dargebot'!G37-$B$11*G$15/'Solares Dargebot'!G37^2)*'Solares Dargebot'!G$8*'Solares Dargebot'!G$7/1000 -> 45.721092 | H25: ='Solares Dargebot'!H37*($B$6-$B$10*H$15/'Solares Dargebot'!H37-$B$11*H$15/'Solares Dargebot'!H37^2)*'Solares Dargebot'!H$8*'Solares Dargebot'!H$7/1000 -> 42.580051 | I25: ='Solares Dargebot'!I37*($B$6-$B$10*I$15/'Solares Dargebot'!I37-$B$11*I$15/'Solares Dargebot'!I37^2)*'Solares Dargebot'!I$8*'Solares Dargebot'!I$7/1000 -> 51.407098 | J25: ='Solares Dargebot'!J37*($B$6-$B$10*J$15/'Solares Dargebot'!J37-$B$11*J$15/'Solares Dargebot'!J37^2)*'Solares Dargebot'!J$8*'Solares Dargebot'!J$7/1000 -> 56.544156 | ... N25: ='Solares Dargebot'!N37*($B$6-$B$10*N$15/'Solares Dargebot'!N37-$B$11*N$15/'Solares Dargebot'!N37^2)*'Solares Dargebot'!N$8*'Solares Dargebot'!N$7/1000 -> -4.0564944 | O25: =SUM(C25:N25) -> 375.04159
B26: 70 | C26: ='Solares Dargebot'!C38*($B$6-$B$10*C$15/'Solares Dargebot'!C38-$B$11*C$15/'Solares Dargebot'!C38^2)*'Solares Dargebot'!C$8*'Solares Dargebot'!C$7/1000 -> 3.009509 | D26: ='Solares Dargebot'!D38*($B$6-$B$10*D$15/'Solares Dargebot'!D38-$B$11*D$15/'Solares Dargebot'!D38^2)*'Solares Dargebot'!D$8*'Solares Dargebot'!D$7/1000 -> 16.117276 | E26: ='Solares Dargebot'!E38*($B$6-$B$10*E$15/'Solares Dargebot'!E38-$B$11*E$15/'Solares Dargebot'!E38^2)*'Solares Dargebot'!E$8*'Solares Dargebot'!E$7/1000 -> 27.097332 | F26: ='Solares Dargebot'!F38*($B$6-$B$10*F$15/'Solares Dargebot'!F38-$B$11*F$15/'Solares Dargebot'!F38^2)*'Solares Dargebot'!F$8*'Solares Dargebot'!F$7/1000 -> 44.772122 | G26: ='Solares Dargebot'!G38*($B$6-$B$10*G$15/'Solares Dargebot'!G38-$B$11*G$15/'Solares Dargebot'!G38^2)*'Solares Dargebot'!G$8*'Solares Dargebot'!G$7/1000 -> 38.139202 | H26: ='Solares Dargebot'!H38*($B$6-$B$10*H$15/'Solares Dargebot'!H38-$B$11*H$15/'Solares Dargebot'!H38^2)*'Solares Dargebot'!H$8*'Solares Dargebot'!H$7/1000 -> 34.26638 | I26: ='Solares Dargebot'!I38*($B$6-$B$10*I$15/'Solares Dargebot'!I38-$B$11*I$15/'Solares Dargebot'!I38^2)*'Solares Dargebot'!I$8*'Solares Dargebot'!I$7/1000 -> 43.172026 | J26: ='Solares Dargebot'!J38*($B$6-$B$10*J$15/'Solares Dargebot'!J38-$B$11*J$15/'Solares Dargebot'!J38^2)*'Solares Dargebot'!J$8*'Solares Dargebot'!J$7/1000 -> 50.254037 | ... N26: ='Solares Dargebot'!N38*($B$6-$B$10*N$15/'Solares Dargebot'!N38-$B$11*N$15/'Solares Dargebot'!N38^2)*'Solares Dargebot'!N$8*'Solares Dargebot'!N$7/1000 -> -3.6382224 | O26: =SUM(C26:N26) -> 333.41162
B27: 75 | C27: ='Solares Dargebot'!C39*($B$6-$B$10*C$15/'Solares Dargebot'!C39-$B$11*C$15/'Solares Dargebot'!C39^2)*'Solares Dargebot'!C$8*'Solares Dargebot'!C$7/1000 -> 2.8810971 | D27: ='Solares Dargebot'!D39*($B$6-$B$10*D$15/'Solares Dargebot'!D39-$B$11*D$15/'Solares Dargebot'!D39^2)*'Solares Dargebot'!D$8*'Solares Dargebot'!D$7/1000 -> 15.114983 | E27: ='Solares Dargebot'!E39*($B$6-$B$10*E$15/'Solares Dargebot'!E39-$B$11*E$15/'Solares Dargebot'!E39^2)*'Solares Dargebot'!E$8*'Solares Dargebot'!E$7/1000 -> 24.088684 | F27: ='Solares Dargebot'!F39*($B$6-$B$10*F$15/'Solares Dargebot'!F39-$B$11*F$15/'Solares Dargebot'!F39^2)*'Solares Dargebot'!F$8*'Solares Dargebot'!F$7/1000 -> 38.949375 | G27: ='Solares Dargebot'!G39*($B$6-$B$10*G$15/'Solares Dargebot'!G39-$B$11*G$15/'Solares Dargebot'!G39^2)*'Solares Dargebot'!G$8*'Solares Dargebot'!G$7/1000 -> 29.69481 | H27: ='Solares Dargebot'!H39*($B$6-$B$10*H$15/'Solares Dargebot'!H39-$B$11*H$15/'Solares Dargebot'!H39^2)*'Solares Dargebot'!H$8*'Solares Dargebot'!H$7/1000 -> 25.149442 | I27: ='Solares Dargebot'!I39*($B$6-$B$10*I$15/'Solares Dargebot'!I39-$B$11*I$15/'Solares Dargebot'!I39^2)*'Solares Dargebot'!I$8*'Solares Dargebot'!I$7/1000 -> 34.084352 | J27: ='Solares Dargebot'!J39*($B$6-$B$10*J$15/'Solares Dargebot'!J39-$B$11*J$15/'Solares Dargebot'!J39^2)*'Solares Dargebot'!J$8*'Solares Dargebot'!J$7/1000 -> 43.084753 | ... N27: ='Solares Dargebot'!N39*($B$6-$B$10*N$15/'Solares Dargebot'!N39-$B$11*N$15/'Solares Dargebot'!N39^2)*'Solares Dargebot'!N$8*'Solares Dargebot'!N$7/1000 -> -3.585852 | O27: =SUM(C27:N27) -> 283.56913

Sheet Typen
A1: Typ | C1: Vakuum-Röhrenkollektor Typ 1 | D1: Vakuum-Röhrenkollektor Typ 2 | E1: Vakuum-Röhrenkollektor Typ 3 | F1: Flachkollektor Typ 1 | G1: Flachkollektor Typ 2 | H1: Flachkollektor Typ 1 | I1: Flachkollektor Typ 2
A2: Röhrenanzahl | B2: - | C2: 24 | D2: 18 | E2: 24 | F2: 0 | G2: 0 | H2: 0 | I2: 0
A3: Kollektorgesamtfläche | B3: m² | C3: 292 | D3: 292 | E3: 292 | F3: 181 | G3: 181 | H3: 195 | I3: 195
A4: optischer Wirkungsgrad | B4: - | C4: 0.801 | D4: 0.725 | E4: 0.813 | F4: 0.818 | G4: 0.863 | H4: 0.818 | I4: 0.863
A5: Wärmeverlustbeiwert k1 | B5: W/m²∙K | C5: 1.103 | D5: 1.46 | E5: 0.998 | F5: 3.538 | G5: 3.143 | H5: 3.538 | I5: 3.143
A6: Wärmeverlustbeiwert k2 | B6: W/(m²∙K)² | C6: 0.007 | D6: 0.004 | E6: 0.0068 | F6: 0.023 | G6: 0.023 | H6: 0.023 | I6: 0.023
A7: Wärmekapazität | B7: kJ/(m²∙K) | C7: 5.73 | D7: 5.2 | E7: 5.73 | F7: 4.6 | G7: 5 | H7: 4.6 | I7: 5
A8: Inhalt Flüssigkeit | B8: l | C8: 1.55 | D8: 0.92 | E8: 1.55 | F8: 1.83 | G8: 2.48 | H8: 1.83 | I8: 2.48
A9: Zul. Betriebsdruck | B9: bar | C9: 6 | D9: 6 | E9: 6 | F9: 6 | G9: 6 | H9: 6 | I9: 6
A10: Anstellwinkel | B10: ° | C10: 25 | D10: 25 | E10: 25 | F10: 21/57 | G10: 21/57 | H10: 39 | I10: 39
A11: Kollektorpreis | B11: € | C11: 1730 | D11: 1650 | E11: 1960 | F11: 510 | G11: 630 | H11: 510 | I11: 630
